texture,stock_size,build_size,pct_format,mips,bytes,crc32,same_as_boot_pak
sfx_particles_ash_tree__d_a,256x128,512x256,0x34,8->9,174936,ae4a392e,yes
sfx_particles_bush_castor_leaves__d_a,256x128,512x256,0x34,8->9,174936,1a8079e4,yes
sfx_particles_chestnut_leaves__d_a,256x128,512x256,0x34,8->9,174936,30246229,yes
sfx_particles_dandelion__d_a,128x128,256x256,0x34,8->9,87560,6cfd15c5,yes
sfx_particles_fire_l_seq_d_a,2280x1728,4560x3456,0x34,1->1,15759448,2430e82a,yes
sfx_particles_grass__d_a,512x512,1024x1024,0x34,10->11,1398296,611e03a3,yes
sfx_particles_grass_autumn__d_a,256x256,512x512,0x34,9->10,349712,a396c01d,yes
sfx_particles_grass_leaves__d_a,1024x256,2048x512,0x34,9->10,1398288,f9841697,yes
sfx_particles_grass_red__d_a,512x256,1024x512,0x34,9->10,699232,4e5801aa,yes
sfx_particles_grass_white__d_a,512x512,1024x1024,0x34,10->11,1398296,fa82579b,yes
sfx_particles_leaves__d_a,256x128,512x256,0x34,8->9,174936,d22791f0,yes
sfx_particles_leaves_autumn__d_a,1024x512,2048x1024,0x34,10->11,2796392,6d69d8ac,yes
sfx_particles_leaves_firs__d_a,256x128,512x256,0x34,8->9,174936,607d72e7,yes
sfx_particles_leaves_needles__d_a,1024x512,2048x1024,0x34,10->11,2796392,8034f540,yes
sfx_particles_leaves_rododendron__d_a,256x128,512x256,0x34,8->9,174936,53ec1db7,yes
sfx_particles_leaves_snow__d_a,512x512,1024x1024,0x34,10->11,1398296,4359af2b,yes
sfx_particles_leaves_summer__d_a,1024x512,2048x1024,0x34,10->11,2796392,14cf5866,yes
sfx_particles_leaves_winter__d_a,1024x512,2048x1024,0x34,10->11,2796392,65d00673,yes
sfx_particles_maple_autumn__d_a,256x128,512x256,0x34,8->9,174936,f542646d,yes
sfx_particles_part_muzzle_side_d_a,1024x2048,2048x4096,0x34,1->1,8388696,130e5d74,yes
sfx_particles_part_q_expl_flash_d_a,512x512,1024x1024,0x34,1->1,1048664,2618640d,yes
sfx_particles_part_q_expl_side_seq_d_a,2048x1024,4096x2048,0x34,1->1,8388696,774353c5,yes
sfx_particles_rolling_dust__d_a,256x256,512x512,0x34,9->10,349712,78655a94,yes
sfx_particles_rosehip_leaves__d_a,256x128,512x256,0x34,8->9,174936,a273767d,yes
sfx_particles_smoke_atlas__s_d_a,512x512,1024x1024,0x34,10->11,1398296,84e74660,yes
sfx_particles_splatter_atlas__d_a,512x512,1024x1024,0x34,10->11,1398296,c3f1da16,yes
sfx_particles_twigs__d_a,128x128,256x256,0x34,8->9,87560,65e4de63,yes
sfx_particles_twigs_needles__d_a,1024x512,2048x1024,0x34,10->11,2796392,1eaa4125,yes
sfx_particles_twigs_new__d_a,512x512,1024x1024,0x34,10->11,1398296,a729bb32,yes
sfx_splatter_atlas__s_d_a,512x512,1024x1024,0x34,10->11,1398296,c3f1da16,yes
sfx_substance_impact_chunky_medium__d_a,256x512,512x1024,0x34,9->10,699232,fffa9ec7,yes
sfx_substance_sheet_large__d_a,256x512,512x1024,0x34,9->10,699232,418bbaea,yes
sfx_substance_upspray_fast__d_a,64x128,128x256,0x34,7->8,43856,333ff3b1,yes
sfx_substance_upspray_large__d_a,64x128,128x256,0x34,7->8,43856,95f40904,yes
sfx_substance_upspray_medium__d_a,64x128,128x256,0x34,7->8,43856,73be4a8f,yes
sfx_substance_water_splash2__d_a,1024x1024,2048x2048,0x34,11->12,5592608,c3800ee4,yes
sfx_substance_water_splash_2__d_a,2048x1536,4096x3072,0x34,10->11,16777400,e4fd4a2c,yes
sfx_substance_water_splash__d_a,1024x1024,2048x2048,0x34,11->12,5592608,9010ab68,yes
sfx_waterfall_smoke__s_d_a,1024x1024,2048x2048,0x34,11->12,5592608,c4b0226f,yes
sfx_waterfall_spray__s_d_a,2048x2048,4096x4096,0x34,12->13,22369832,09843925,yes
